{
  "tempo": 117.45383522727273,
  "beats": [
    8.080544217687075,
    8.591383219954649,
    9.102222222222222,
    9.613061224489796,
    10.12390022675737,
    10.611519274376418,
    11.099138321995465,
    11.586757369614512,
    12.07437641723356,
    12.585215419501134,
    13.096054421768708,
    13.606893424036281,
    14.117732426303855,
    14.605351473922903,
    15.09297052154195,
    15.580589569160997,
    16.068208616780044,
    16.579047619047618,
    17.066666666666666,
    17.57750566893424,
    18.06512471655329,
    18.575963718820862,
    19.06358276643991,
    19.574421768707484,
    20.06204081632653,
    20.572879818594103,
    21.083718820861677,
    21.571337868480725,
    22.058956916099774,
    22.569795918367348,
    23.08063492063492,
    23.56825396825397,
    24.079092970521543,
    24.589931972789117,
    25.077551020408162,
    25.56517006802721,
    26.076009070294784,
    26.563628117913833,
    27.074467120181406,
    27.58530612244898,
    28.07292517006803,
    28.560544217687074,
    29.00172335600907,
    29.53578231292517,
    30.06984126984127,
    30.580680272108843,
    31.068299319727892,
    31.579138321995465,
    32.066757369614514
  ]
}